-- ============================================================
-- seed.sql
-- Food Delivery System — Realistic Seed Data
-- 100+ records · Referential integrity maintained
-- ============================================================

SET FOREIGN_KEY_CHECKS = 0;
SET SQL_MODE = 'NO_AUTO_VALUE_ON_ZERO';

-- ------------------------------------------------------------
-- Customer  (20 rows — unique emails fixed)
-- ------------------------------------------------------------
INSERT INTO Customer (customer_id, name, email, phone, password_hash, created_at) VALUES
(1,  'Yusuf Siddiqui',  'yusuf.siddiqui@example.com',  '03104332181', '$2b$12$LQv3c1yqBWVHxkd0LHAkCOYz6TtxMlJagt', '2025-10-01 09:00:00'),
(2,  'Kamran Qureshi',  'kamran.qureshi@example.com',  '03600133890', '$2b$12$NhVQo9mfVPMnSGZH7sBnLe', '2025-10-03 10:15:00'),
(3,  'Hina Saeed',      'hina.saeed@example.com',      '03386379402', '$2b$12$UoY8QZkVnDp0LSqHm3cKJO', '2025-10-05 11:30:00'),
(4,  'Saad Anwar',      'saad.anwar@example.com',      '03654235116', '$2b$12$XpZ9RLwWqMs7NGo4tDlYKf', '2025-10-07 08:45:00'),
(5,  'Fatima Zahra',    'fatima.zahra@example.com',    '03559407816', '$2b$12$YqA0SMxXrNt8OHp5uEmZLg', '2025-10-09 13:00:00'),
(6,  'Omar Ahmed',      'omar.ahmed@example.com',      '03849593103', '$2b$12$ZrB1TNyYsOu9PIq6vFnAMh', '2025-10-11 14:20:00'),
(7,  'Tahir Mehmood',   'tahir.mehmood@example.com',   '03413164752', '$2b$12$AsC2UOzZtPv0QJr7wGoBAi', '2025-10-13 09:10:00'),
(8,  'Maryam Noor',     'maryam.noor@example.com',     '03534192832', '$2b$12$BtD3VPaAuQw1RKs8xHpCBj', '2025-10-15 16:00:00'),
(9,  'Imran Shah',      'imran.shah@example.com',      '03648350305', '$2b$12$CuE4WQbBvRx2SLt9yIqDCk', '2025-10-17 11:45:00'),
(10, 'Ali Rehman',      'ali.rehman@example.com',      '03413953767', '$2b$12$DvF5XRcCwSy3TMu0zJrEDl', '2025-10-19 10:30:00'),
(11, 'Hassan Malik',    'hassan.malik@example.com',    '03423884969', '$2b$12$EwG6YSdDxTz4UNv1aKsFEm', '2025-10-21 08:00:00'),
(12, 'Bilal Farooq',    'bilal.farooq@example.com',    '03532871012', '$2b$12$FxH7ZTeEyUa5VOw2bLtGFn', '2025-10-23 15:15:00'),
(13, 'Sana Siddiqui',   'sana.siddiqui@example.com',   '03269166978', '$2b$12$GyI8AUfFzVb6WPx3cMuHGo', '2025-10-25 12:00:00'),
(14, 'Usman Farooq',    'usman.farooq@example.com',    '03801845146', '$2b$12$HzJ9BVgGAWc7XQy4dNvIHp', '2025-10-27 09:30:00'),
(15, 'Zainab Abbas',    'zainab.abbas@example.com',    '03704828148', '$2b$12$IAK0CWhHBXd8YRz5eOwJIq', '2025-10-29 14:45:00'),
(16, 'Laila Mahmood',   'laila.mahmood@example.com',   '03325288095', '$2b$12$JBL1DXiICYe9ZSa6fPxKJr', '2025-11-01 10:00:00'),
(17, 'Amina Javed',     'amina.javed@example.com',     '03015430391', '$2b$12$KCM2EYjJDZf0ATb7gQyLKs', '2025-11-03 11:20:00'),
(18, 'Raza Gillani',    'raza.gillani@example.com',    '03718227824', '$2b$12$LDN3FZkKEag1BUc8hRzMLt', '2025-11-05 13:40:00'),
(19, 'Farhan Akhtar',   'farhan.akhtar@example.com',   '03963834657', '$2b$12$MEO4GALLFbh2CVd9iSaNMu', '2025-11-07 09:00:00'),
(20, 'Javed Iqbal',     'javed.iqbal@example.com',     '03871331509', '$2b$12$NFP5HBMMGci3DWe0jTbONv', '2025-11-09 16:00:00');


-- ------------------------------------------------------------
-- Address  (40 rows — 2 per customer)
-- ------------------------------------------------------------
INSERT INTO Address (address_id, customer_id, street, city, postal_code, country, is_default) VALUES
(1,  1,  'Street 71, Block B',   'Rawalpindi', '54602', 'Pakistan', 1),
(2,  1,  'Street 29, Block A',   'Lahore',     '54072', 'Pakistan', 0),
(3,  2,  'Street 91, DHA Ph 5',  'Lahore',     '54234', 'Pakistan', 1),
(4,  2,  'Street 9, Gulberg',    'Lahore',     '54880', 'Pakistan', 0),
(5,  3,  'Street 43, PECHS',     'Karachi',    '74400', 'Pakistan', 1),
(6,  3,  'Street 31, Model Town','Faisalabad',  '38000', 'Pakistan', 0),
(7,  4,  'Street 63, Satellite', 'Rawalpindi', '46000', 'Pakistan', 1),
(8,  4,  'Street 17, Cantt',     'Sialkot',    '51310', 'Pakistan', 0),
(9,  5,  'Street 61, Bahria',    'Rawalpindi', '46220', 'Pakistan', 1),
(10, 5,  'Street 61, Hayatabad', 'Peshawar',   '25000', 'Pakistan', 0),
(11, 6,  'Street 13, Clifton',   'Karachi',    '75600', 'Pakistan', 1),
(12, 6,  'Street 56, Gulgasht',  'Multan',     '60000', 'Pakistan', 0),
(13, 7,  'Street 53, Jinnah Rd', 'Quetta',     '87300', 'Pakistan', 1),
(14, 7,  'Street 94, DHA',       'Lahore',     '54792', 'Pakistan', 0),
(15, 8,  'Street 84, Nazimabad', 'Karachi',    '74700', 'Pakistan', 1),
(16, 8,  'Street 52, Bosan Rd',  'Multan',     '66000', 'Pakistan', 0),
(17, 9,  'Street 14, Chaklala',  'Rawalpindi', '46000', 'Pakistan', 1),
(18, 9,  'Street 25, Latifabad', 'Hyderabad',  '71800', 'Pakistan', 0),
(19, 10, 'Street 18, Ring Rd',   'Peshawar',   '25120', 'Pakistan', 1),
(20, 10, 'Street 36, Sariab',    'Quetta',     '87100', 'Pakistan', 0),
(21, 11, 'Street 10, Zarghoon',  'Quetta',     '87300', 'Pakistan', 1),
(22, 11, 'Street 71, North Nzm', 'Karachi',    '74700', 'Pakistan', 0),
(23, 12, 'Street 84, Auto Bhan', 'Hyderabad',  '71000', 'Pakistan', 1),
(24, 12, 'Street 2, Korangi',    'Karachi',    '74900', 'Pakistan', 0),
(25, 13, 'Street 97, Satellite', 'Rawalpindi', '46000', 'Pakistan', 1),
(26, 13, 'Street 53, Sariab Rd', 'Quetta',     '87100', 'Pakistan', 0),
(27, 14, 'Street 28, Saddar',    'Peshawar',   '25000', 'Pakistan', 1),
(28, 14, 'Street 8, F-10',       'Islamabad',  '44000', 'Pakistan', 0),
(29, 15, 'Street 1, Hayatabad',  'Peshawar',   '25000', 'Pakistan', 1),
(30, 15, 'Street 59, Canal Rd',  'Faisalabad', '38000', 'Pakistan', 0),
(31, 16, 'Street 90, Qasimabad', 'Hyderabad',  '71000', 'Pakistan', 1),
(32, 16, 'Street 92, Sariab',    'Quetta',     '87100', 'Pakistan', 0),
(33, 17, 'Street 25, Canal Rd',  'Faisalabad', '38000', 'Pakistan', 1),
(34, 17, 'Street 8, Cantt',      'Sialkot',    '51310', 'Pakistan', 0),
(35, 18, 'Street 70, DHA Ph 6',  'Lahore',     '54792', 'Pakistan', 1),
(36, 18, 'Street 41, Johar Twn', 'Lahore',     '54770', 'Pakistan', 0),
(37, 19, 'Street 75, Satellite', 'Quetta',     '87300', 'Pakistan', 1),
(38, 19, 'Street 68, G-11',      'Islamabad',  '44000', 'Pakistan', 0),
(39, 20, 'Street 66, North Nzm', 'Karachi',    '74700', 'Pakistan', 1),
(40, 20, 'Street 24, Korangi',   'Karachi',    '74900', 'Pakistan', 0);


-- ------------------------------------------------------------
-- Restaurant  (15 rows — unique emails fixed)
-- ------------------------------------------------------------
INSERT INTO Restaurant (restaurant_id, name, location, phone, email, is_active) VALUES
(1,  'Grill Master',    'Rawalpindi', '05119399091', 'grillmaster.rwp@example.com',   1),
(2,  'Seafood Shack',   'Sialkot',    '05225435346', 'seafoodshack.skot@example.com', 1),
(3,  'Pasta House',     'Faisalabad', '04751079911', 'pastahouse.fsd@example.com',    1),
(4,  'Dessert Heaven',  'Rawalpindi', '05124513542', 'dessertheaven.rwp@example.com', 1),
(5,  'Veggie Cafe',     'Hyderabad',  '02298084124', 'veggiecafe.hyd@example.com',    1),
(6,  'Grill Master',    'Karachi',    '02124493534', 'grillmaster.khi@example.com',   1),
(7,  'Dessert Heaven',  'Quetta',     '08121640052', 'dessertheaven.qta@example.com', 1),
(8,  'Pizza Palace',    'Faisalabad', '04118680112', 'pizzapalace.fsd@example.com',   1),
(9,  'Dessert Heaven',  'Lahore',     '04228262045', 'dessertheaven.lhr@example.com', 1),
(10, 'Curry Corner',    'Lahore',     '04223158692', 'currycorner.lhr@example.com',   1),
(11, 'Curry Corner',    'Rawalpindi', '05116025634', 'currycorner.rwp@example.com',   1),
(12, 'Pasta House',     'Karachi',    '02107337543', 'pastahouse.khi@example.com',    1),
(13, 'Sushi Spot',      'Lahore',     '04225414586', 'sushispot.lhr@example.com',     1),
(14, 'Pizza Palace',    'Hyderabad',  '02211429401', 'pizzapalace.hyd@example.com',   1),
(15, 'BBQ Pit',         'Peshawar',   '09116981693', 'bbqpit.pew@example.com',        1);


-- ------------------------------------------------------------
-- Rider  (10 rows — unique emails fixed)
-- ------------------------------------------------------------
INSERT INTO Rider (rider_id, name, email, phone, vehicle_type, is_available) VALUES
(1,  'Waseem Rehman',  'waseem.rehman@example.com',  '03034824771', 'Bike',    1),
(2,  'Irfan Khan',     'irfan.khan@example.com',     '03932480861', 'Bike',    1),
(3,  'Nazia Butt',     'nazia.butt@example.com',     '03171274846', 'Car',     1),
(4,  'Bushra Iqbal',   'bushra.iqbal@example.com',   '03378263982', 'Bike',    1),
(5,  'Khalid Malik',   'khalid.malik@example.com',   '03658404499', 'Scooter', 1),
(6,  'Zafar Shah',     'zafar.shah@example.com',     '03533963605', 'Scooter', 1),
(7,  'Amir Liaquat',   'amir.liaquat@example.com',   '03278755886', 'Car',     1),
(8,  'Sobia Nawaz',    'sobia.nawaz@example.com',    '03662702895', 'Bike',    1),
(9,  'Tariq Jameel',   'tariq.jameel@example.com',   '03718702621', 'Car',     1),
(10, 'Nadia Hussain',  'nadia.hussain@example.com',  '03459615865', 'Scooter', 1);


-- ------------------------------------------------------------
-- Category  (45 rows)
-- ------------------------------------------------------------
INSERT INTO Category (category_id, restaurant_id, name) VALUES
(1,  1,  'Grills'),      (2,  1,  'Appetizers'), (3,  1,  'Beverages'),
(4,  2,  'Seafood'),     (5,  2,  'Salads'),     (6,  2,  'Soups'),
(7,  3,  'Soups'),       (8,  3,  'Sides'),      (9,  3,  'Main Courses'),
(10, 4,  'Desserts'),    (11, 4,  'Beverages'),  (12, 4,  'Appetizers'),
(13, 5,  'Soups'),       (14, 5,  'Desserts'),   (15, 5,  'Salads'),
(16, 6,  'Grills'),      (17, 6,  'Soups'),      (18, 6,  'Appetizers'),
(19, 7,  'Soups'),       (20, 7,  'Desserts'),   (21, 7,  'Salads'),
(22, 8,  'Pizzas'),      (23, 8,  'Soups'),      (24, 8,  'Beverages'),
(25, 9,  'Desserts'),    (26, 9,  'Beverages'),  (27, 9,  'Sides'),
(28, 10, 'Salads'),      (29, 10, 'Main Courses'),(30, 10, 'Soups'),
(31, 11, 'Beverages'),   (32, 11, 'Soups'),      (33, 11, 'Sides'),
(34, 12, 'Soups'),       (35, 12, 'Sides'),      (36, 12, 'Main Courses'),
(37, 13, 'Salads'),      (38, 13, 'Sides'),      (39, 13, 'Desserts'),
(40, 14, 'Beverages'),   (41, 14, 'Salads'),     (42, 14, 'Appetizers'),
(43, 15, 'Desserts'),    (44, 15, 'Sides'),      (45, 15, 'Main Courses');


-- ------------------------------------------------------------
-- MenuItem  (150 rows)
-- ------------------------------------------------------------
INSERT INTO MenuItem (item_id, category_id, name, description, price, is_available) VALUES
(1,  2,  'Tiramisu',          'Classic Italian dessert with espresso-soaked ladyfingers',  988.66,  1),
(2,  2,  'Ice Cream Sundae',  'Three scoops with hot fudge and whipped cream',             774.32,  1),
(3,  3,  'Chocolate Cake',    'Rich dark chocolate layered cake',                          864.53,  1),
(4,  3,  'Carbonara Pasta',   'Creamy pasta with pancetta and parmesan',                  1056.51, 1),
(5,  2,  'Fries',             'Crispy golden seasoned fries',                             1063.01, 1),
(6,  3,  'Falafel Wrap',      'Crispy falafel in warm pita with tzatziki',                 321.40,  1),
(7,  1,  'BBQ Ribs',          'Slow-smoked pork ribs with house BBQ sauce',               492.03,  1),
(8,  1,  'California Roll',   'Crab, avocado, and cucumber sushi roll',                   231.75,  1),
(9,  1,  'Lentil Soup',       'Hearty red lentil soup with cumin and lemon',              994.66,  1),
(10, 1,  'Ice Cream Sundae',  'Two scoops vanilla with caramel drizzle',                  738.77,  1),
(11, 6,  'Tiramisu',          'Espresso mascarpone dessert, biscuit base',                452.77,  1),
(12, 6,  'Butter Chicken',    'Tandoori chicken in creamy tomato gravy',                  842.69,  1),
(13, 4,  'California Roll',   'Fresh crab and avocado sushi roll',                       1052.88, 1),
(14, 4,  'Cheese Burger',     'Double patty with cheddar, lettuce, tomato',              1211.95, 1),
(15, 4,  'Carbonara Pasta',   'Al dente spaghetti in egg and pecorino sauce',            1245.34, 1),
(16, 6,  'Fries',             'Thick-cut salted fries with aioli',                        803.91,  1),
(17, 6,  'Coke',              '330 ml chilled Coca-Cola',                                1392.71, 1),
(18, 4,  'Ice Cream Sundae',  'Strawberry and vanilla sundae with sprinkles',             373.34,  1),
(19, 5,  'Fries',             'Waffle-cut fries with ranch dip',                         1484.26, 1),
(20, 6,  'Falafel Wrap',      'Falafel with hummus, pickles, and fresh herbs',           1435.05, 1),
(21, 8,  'Lemonade',          'Fresh-squeezed lemonade with mint',                       1259.51, 1),
(22, 9,  'Noodles',           'Stir-fried egg noodles with vegetables',                  1279.74, 1),
(23, 9,  'Ice Cream Sundae',  'Chocolate fudge sundae, three scoops',                   1366.37, 1),
(24, 9,  'Lentil Soup',       'Spiced lentil soup with croutons',                        785.09,  1),
(25, 7,  'Greek Salad',       'Tomatoes, olives, feta, cucumber, red onion',            1195.56, 1),
(26, 9,  'Lentil Soup',       'Rustic lentil soup with smoked paprika',                 1014.77, 1),
(27, 8,  'Ice Cream Sundae',  'Mango sorbet sundae',                                     300.73,  1),
(28, 8,  'Coke',              '500 ml bottle, ice cold',                                  553.23,  1),
(29, 8,  'Spring Rolls',      'Crispy vegetable spring rolls with sweet chilli',          304.75,  1),
(30, 7,  'Coke',              '330 ml can, chilled',                                     697.95,  1),
(31, 10, 'Chocolate Cake',    'Triple chocolate mousse cake',                             283.50,  1),
(32, 11, 'Falafel Wrap',      'Whole-wheat wrap with falafel and tahini',                905.39,  1),
(33, 11, 'Biryani',           'Fragrant basmati rice with slow-cooked chicken',          468.88,  1),
(34, 11, 'Butter Chicken',    'Rich tomato-based chicken curry',                        1376.29, 1),
(35, 12, 'Chicken Tikka',     'Tandoori marinated chicken pieces',                      1313.75, 1),
(36, 12, 'Butter Chicken',    'Creamy butter chicken with garlic naan',                  820.07,  1),
(37, 11, 'BBQ Ribs',          'Honey-glazed pork ribs, slow-cooked',                   1179.52, 1),
(38, 11, 'Spring Rolls',      'Prawn and glass noodle spring rolls',                    1171.77, 1),
(39, 12, 'Lemonade',          'Sparkling lemonade with basil',                          1367.15, 1),
(40, 11, 'Coke',              '330 ml can',                                              554.82,  1),
(41, 14, 'Chicken Tikka',     'Spiced tandoori chicken skewers',                        705.51,  1),
(42, 15, 'Butter Chicken',    'Chicken in rich tomato-cream sauce',                    1141.44, 1),
(43, 14, 'California Roll',   'Avocado, crab stick, sesame-topped roll',               1474.94, 1),
(44, 15, 'Chicken Tikka',     'Boneless tikka with mint chutney',                      1379.01, 1),
(45, 15, 'Tiramisu',          'Individual portion tiramisu',                            1061.90, 1),
(46, 13, 'Noodles',           'Hakka noodles with egg and spring onion',                376.41,  1),
(47, 14, 'Carbonara Pasta',   'Spaghetti carbonara with crispy bacon',                  265.37,  1),
(48, 14, 'Falafel Wrap',      'Grilled wrap with falafel and hummus',                   475.16,  1),
(49, 14, 'Falafel Wrap',      'Spicy falafel with harissa sauce',                      1189.60, 1),
(50, 14, 'Greek Salad',       'Classic Greek salad with kalamata olives',              1177.61, 1),
(51, 17, 'Greek Salad',       'Romaine with feta and oregano vinaigrette',             1285.38, 1),
(52, 17, 'Chicken Tikka',     'Grilled tikka pieces, charcoal flavour',               1173.73, 1),
(53, 16, 'Steak',             '200 g sirloin, medium-rare, with mushroom sauce',        491.49,  1),
(54, 16, 'Biryani',           'Hyderabadi dum biryani with raita',                    1180.50, 1),
(55, 16, 'Chocolate Cake',    'Dark chocolate ganache cake',                           1291.00, 1),
(56, 18, 'California Roll',   'Inside-out roll with spicy mayo',                       510.11,  1),
(57, 17, 'Cheese Burger',     'Smash burger with American cheese',                     933.16,  1),
(58, 16, 'Ice Cream Sundae',  'Three-flavour sundae with nuts',                       1109.30, 1),
(59, 17, 'Carbonara Pasta',   'Rigatoni carbonara with guanciale',                     987.66,  1),
(60, 18, 'Cheese Burger',     'Classic cheeseburger with pickles and mustard',        1211.13, 1),
(61, 19, 'BBQ Ribs',          'Smoky BBQ baby back ribs',                              340.53,  1),
(62, 19, 'BBQ Ribs',          'Full rack beef ribs, dry-rubbed',                       948.54,  1),
(63, 20, 'Butter Chicken',    'Creamy butter chicken masala',                         1423.91, 1),
(64, 19, 'Margherita Pizza',  'San Marzano tomato, fior di latte mozzarella',          969.73,  1),
(65, 21, 'Coke',              '250 ml glass-bottle Coke',                              332.47,  1),
(66, 20, 'Lemonade',          'Homemade lemonade with chia seeds',                    1247.19, 1),
(67, 21, 'Biryani',           'Mutton biryani with kewra-scented rice',                651.36,  1),
(68, 20, 'Steak',             '150 g rump steak, well done, with fries',               289.64,  1),
(69, 21, 'Falafel Wrap',      'Pita wrap with baked falafel and tabbouleh',            216.45,  1),
(70, 20, 'Lentil Soup',       'Yellow lentil soup with fried onions',                  337.20,  1),
(71, 23, 'Ice Cream Sundae',  'Butterscotch sundae with pecans',                      1119.50, 1),
(72, 23, 'Carbonara Pasta',   'Linguine carbonara with black truffle',                1153.93, 1),
(73, 24, 'Greek Salad',       'Warm pita served with Greek salad',                    1000.69, 1),
(74, 24, 'Lentil Soup',       'Masoor dal with tarka',                                 804.34,  1),
(75, 24, 'Tiramisu',          'Espresso tiramisu cups',                                548.91,  1),
(76, 22, 'Margherita Pizza',  'Thin-crust margherita with fresh basil',                562.61,  1),
(77, 23, 'Coke',              '330 ml chilled Coke',                                  1175.62, 1),
(78, 24, 'Lemonade',          'Mint lemonade with sea salt rim',                      1068.65, 1),
(79, 23, 'Chicken Tikka',     'Charcoal-grilled tikka bites',                          842.60,  1),
(80, 23, 'Carbonara Pasta',   'Fettuccine in egg-yolk cream sauce',                    833.81,  1),
(81, 26, 'Greek Salad',       'Traditional Greek salad, extra feta',                   642.44,  1),
(82, 27, 'Greek Salad',       'Baby spinach Greek salad',                              922.53,  1),
(83, 27, 'Chocolate Cake',    'Molten lava chocolate cake',                            311.30,  1),
(84, 27, 'Noodles',           'Udon noodles in miso broth',                            835.15,  1),
(85, 25, 'Lentil Soup',       'French green lentil soup',                             1039.67, 1),
(86, 26, 'Ice Cream Sundae',  'Red velvet sundae',                                    1230.81, 1),
(87, 25, 'BBQ Ribs',          'Chipotle BBQ ribs with coleslaw',                       488.08,  1),
(88, 27, 'Coke',              '500 ml Coke, zero sugar',                               598.07,  1),
(89, 27, 'Steak',             '300 g T-bone steak with garlic butter',                 815.24,  1),
(90, 27, 'Steak',             '250 g ribeye steak, medium',                            753.15,  1),
(91, 30, 'Spring Rolls',      'Crispy duck spring rolls',                              630.03,  1),
(92, 30, 'Ice Cream Sundae',  'Pistachio gelato sundae',                               552.19,  1),
(93, 29, 'Coke',              '330 ml classic Coke',                                   356.85,  1),
(94, 28, 'Falafel Wrap',      'Falafel and quinoa power wrap',                         355.42,  1),
(95, 30, 'Carbonara Pasta',   'Penne in classic carbonara sauce',                      449.00,  1),
(96, 30, 'Lentil Soup',       'Tomato and lentil soup with grilled bread',             559.45,  1),
(97, 30, 'Fries',             'Garlic parmesan fries',                                 975.83,  1),
(98, 28, 'Chocolate Cake',    'Black Forest chocolate cake',                           585.12,  1),
(99, 29, 'Carbonara Pasta',   'Rigatoni in light carbonara',                           592.95,  1),
(100,30, 'Spring Rolls',      'Vegetable and glass noodle rolls',                      364.56,  1),
(101,31, 'Biryani',           'Chicken biryani with fried onions',                    919.37,  1),
(102,33, 'California Roll',   'Prawn California roll, sesame-coated',                1029.23, 1),
(103,32, 'Cheese Burger',     'Double beef smash burger',                             1334.54, 1),
(104,33, 'BBQ Ribs',          'Sticky BBQ pork ribs',                                 810.22,  1),
(105,32, 'Falafel Wrap',      'Baked falafel with tzatziki wrap',                      439.67,  1),
(106,31, 'Greek Salad',       'Authentic Greek village salad',                        1423.38, 1),
(107,32, 'Cheese Burger',     'Truffle cheese burger, single patty',                  1268.75, 1),
(108,32, 'Lentil Soup',       'Beluga lentil soup with herbs',                         296.31,  1),
(109,33, 'Biryani',           'Vegetable biryani with saffron',                        397.25,  1),
(110,33, 'BBQ Ribs',          'BBQ pork spare ribs, glazed',                           310.74,  1),
(111,34, 'Cheese Burger',     'Classic cheeseburger, double patty',                   925.49,  1),
(112,35, 'Lemonade',          'Strawberry lemonade, freshly blended',                  974.96,  1),
(113,36, 'Coke',              'Coke with ice and lemon slice',                        1208.40, 1),
(114,35, 'Ice Cream Sundae',  'Cookie dough ice cream sundae',                       1381.06, 1),
(115,35, 'Tiramisu',          'Large portion tiramisu with extra coffee',             1487.04, 1),
(116,35, 'Tiramisu',          'Mini tiramisu bites, six pieces',                     1007.34, 1),
(117,36, 'Cheese Burger',     'BBQ cheese burger with crispy onions',                1431.87, 1),
(118,34, 'Chocolate Cake',    'Hazelnut chocolate torte',                              544.04,  1),
(119,34, 'Carbonara Pasta',   'Spaghetti carbonara, traditional recipe',               511.82,  1),
(120,36, 'Margherita Pizza',  'Stone-baked margherita, extra cheese',                  403.49,  1),
(121,38, 'Ice Cream Sundae',  'Lotus Biscoff sundae',                                1096.18, 1),
(122,38, 'BBQ Ribs',          'Honey BBQ mini ribs',                                   242.43,  1),
(123,38, 'BBQ Ribs',          'Full rack BBQ ribs, smoked',                          1113.88, 1),
(124,38, 'Margherita Pizza',  'Neapolitan-style margherita',                          1093.60, 1),
(125,38, 'Tiramisu',          'Espresso and amaretto tiramisu',                       1059.54, 1),
(126,37, 'Noodles',           'Ramen noodles in tonkotsu broth',                      349.21,  1),
(127,37, 'California Roll',   'Giant California roll, 8 pieces',                     1380.93, 1),
(128,37, 'Margherita Pizza',  'Mini margherita, personal size',                        277.53,  1),
(129,38, 'Lemonade',          'Elderflower lemonade',                                1173.65, 1),
(130,39, 'BBQ Ribs',          'Caramelised BBQ pork ribs',                             770.90,  1),
(131,41, 'BBQ Ribs',          'Short beef ribs with chimichurri',                    1109.65, 1),
(132,41, 'Fries',             'Sweet potato fries with chipotle dip',                  901.98,  1),
(133,41, 'Margherita Pizza',  'Classic margherita, thin base',                        977.45,  1),
(134,41, 'Falafel Wrap',      'Falafel with pomegranate molasses wrap',                984.83,  1),
(135,40, 'Margherita Pizza',  'Gluten-free margherita',                                497.60,  1),
(136,42, 'Tiramisu',          'Chocolate tiramisu with rum',                           963.26,  1),
(137,40, 'Greek Salad',       'Greek salad with chickpeas',                            949.12,  1),
(138,40, 'Lentil Soup',       'Smoky chorizo and lentil soup',                         874.65,  1),
(139,41, 'Greek Salad',       'Rocket and feta Greek-style salad',                     435.94,  1),
(140,42, 'Noodles',           'Spicy dan dan noodles',                               1025.22, 1),
(141,44, 'Margherita Pizza',  'Deep-dish margherita',                                  811.01,  1),
(142,44, 'Falafel Wrap',      'Falafel with avocado and chilli wrap',                  617.38,  1),
(143,43, 'Carbonara Pasta',   'Farfalle carbonara with pancetta',                      628.74,  1),
(144,45, 'Lentil Soup',       'Coconut and lentil curry soup',                         574.68,  1),
(145,44, 'Spring Rolls',      'BBQ duck spring rolls with hoisin',                     247.71,  1),
(146,43, 'Falafel Wrap',      'Za\'atar falafel wrap with labneh',                     528.12,  1),
(147,43, 'Butter Chicken',    'Punjabi butter chicken with naan',                     1324.38, 1),
(148,43, 'Spring Rolls',      'Crab and cream cheese spring rolls',                    800.57,  1),
(149,43, 'Chocolate Cake',    'Decadent triple-layer chocolate cake',                  873.97,  1),
(150,45, 'Lentil Soup',       'Moroccan spiced lentil and vegetable soup',            1013.03, 1);


-- ------------------------------------------------------------
-- Order  (50 rows)
-- Note: total_amount is set to 0; trg_order_total_after_insert
-- will compute it automatically when OrderItems are inserted.
-- For direct seeding we set the known amounts to match OrderItems.
-- ------------------------------------------------------------
INSERT INTO `Order` (order_id, customer_id, restaurant_id, address_id, rider_id, order_date, status, total_amount) VALUES
(1,  16, 14, 31, NULL, '2026-01-04 14:14:47', 'Pending',          15097.85),
(2,  14,  2, 27, NULL, '2026-02-03 14:57:01', 'Pending',           3302.42),
(3,  11, 13, 21, NULL, '2026-02-06 15:27:09', 'Preparing',         6670.60),
(4,  17,  7, 33,   10, '2026-01-03 11:39:55', 'Delivered',         8458.12),
(5,   8,  8, 15, NULL, '2026-01-08 14:29:16', 'Pending',           5204.45),
(6,  15, 15, 30,    7, '2026-01-02 17:22:37', 'Out for Delivery',  6678.50),
(7,   9,  8, 18,   10, '2026-01-07 17:06:15', 'Delivered',        10083.95),
(8,  12, 10, 24, NULL, '2026-02-01 16:17:00', 'Cancelled',         3965.27),
(9,   2, 15,  4,    4, '2026-02-13 13:38:51', 'Out for Delivery',  7116.24),
(10,  7, 10, 14, NULL, '2026-01-11 11:57:40', 'Pending',          10359.09),
(11, 10, 13, 20, NULL, '2026-01-10 15:46:08', 'Pending',           2447.34),
(12, 10,  6, 20,    9, '2026-01-04 12:50:34', 'Out for Delivery', 12440.68),
(13, 17, 15, 34,    2, '2026-01-05 17:51:18', 'Out for Delivery',  3554.63),
(14, 15,  2, 29, NULL, '2026-01-14 16:54:51', 'Cancelled',         6181.26),
(15, 12,  2, 24,    5, '2026-01-05 18:07:29', 'Out for Delivery',  8480.22),
(16, 19,  7, 38, NULL, '2026-01-11 13:30:01', 'Cancelled',         1601.29),
(17, 18,  6, 35,    7, '2026-01-11 17:58:44', 'Out for Delivery',  5455.11),
(18,  4,  3,  7, NULL, '2026-01-05 17:07:06', 'Preparing',         2927.82),
(19, 18,  3, 36, NULL, '2026-02-06 18:26:37', 'Preparing',         6009.28),
(20, 14, 11, 27,    4, '2026-02-10 16:17:02', 'Out for Delivery',  9015.50),
(21, 15,  8, 29,    1, '2026-02-02 15:34:57', 'Out for Delivery',  7864.30),
(22, 13,  5, 25, NULL, '2026-01-14 17:05:42', 'Preparing',         5960.73),
(23, 20,  1, 39, NULL, '2026-02-04 12:50:36', 'Preparing',         1978.14),
(24,  3, 14,  5, NULL, '2026-01-14 13:21:49', 'Preparing',         4127.72),
(25, 20,  1, 40, NULL, '2026-01-03 18:16:51', 'Preparing',         9837.94),
(26,  4, 11,  7, NULL, '2026-01-01 15:50:50', 'Preparing',         7172.48),
(27, 19,  6, 37,    9, '2026-01-05 10:08:47', 'Delivered',        11136.93),
(28,  4, 12,  7, NULL, '2026-02-08 15:32:37', 'Pending',           3753.89),
(29, 15,  9, 29, NULL, '2026-01-12 18:19:29', 'Pending',           5179.88),
(30,  2,  8,  4,    2, '2026-02-11 11:31:45', 'Delivered',         3291.00),
(31,  3,  6,  5, NULL, '2026-01-03 14:39:40', 'Cancelled',         2093.65),
(32, 18, 12, 36, NULL, '2026-02-10 18:18:29', 'Cancelled',         5109.36),
(33, 20,  7, 39, NULL, '2026-01-14 18:46:55', 'Preparing',         7170.30),
(34, 14,  8, 27, NULL, '2026-02-06 17:25:26', 'Pending',           3417.33),
(35, 11,  7, 22,    2, '2026-02-06 12:43:59', 'Delivered',         9851.33),
(36,  3, 14,  5,    3, '2026-01-07 11:47:47', 'Out for Delivery', 10665.35),
(37, 18,  1, 36,    1, '2026-01-07 15:55:42', 'Delivered',        11337.39),
(38, 10, 10, 20, NULL, '2026-02-02 19:32:13', 'Preparing',        10630.00),
(39, 16,  4, 31,   10, '2026-02-14 18:23:07', 'Out for Delivery', 13590.28),
(40,  8, 13, 16,    5, '2026-01-10 14:01:11', 'Out for Delivery',  7165.49),
(41, 11,  6, 21,    2, '2026-01-14 12:36:42', 'Delivered',         9622.10),
(42,  5, 12,  9,    8, '2026-01-12 18:13:24', 'Delivered',         8404.84),
(43, 11,  3, 22, NULL, '2026-02-12 15:49:36', 'Cancelled',         6707.40),
(44,  3, 15,  5, NULL, '2026-01-03 19:03:43', 'Pending',           2448.99),
(45,  9,  8, 18, NULL, '2026-02-10 17:26:17', 'Preparing',         3566.28),
(46, 17,  2, 34, NULL, '2026-02-02 14:43:43', 'Cancelled',        11853.38),
(47, 16,  9, 32, NULL, '2026-01-04 16:38:03', 'Pending',           2553.72),
(48,  7,  5, 13, NULL, '2026-01-13 14:18:20', 'Pending',          16566.84),
(49,  1,  8,  2, NULL, '2026-01-03 16:34:45', 'Preparing',         6945.72),
(50, 17,  9, 34,    2, '2026-01-07 10:27:01', 'Delivered',         5575.64);


-- ------------------------------------------------------------
-- OrderItem  (169 rows)
-- ------------------------------------------------------------
INSERT INTO OrderItem (orderitem_id, order_id, item_id, quantity, subunit_price) VALUES
(1,   1,  148, 4,  800.57),
(2,   1,  147, 4, 1324.38),
(3,   1,  107, 3, 1268.75),
(4,   1,   30, 4,  697.95),
(5,   2,   84, 2,  835.15),
(6,   2,  118, 3,  544.04),
(7,   3,  112, 1,  974.96),
(8,   3,   63, 4, 1423.91),
(9,   4,  135, 1,  497.60),
(10,  4,  102, 3, 1029.23),
(11,  4,   87, 2,  488.08),
(12,  4,   86, 2, 1230.81),
(13,  4,   20, 1, 1435.05),
(14,  5,   90, 3,  753.15),
(15,  5,   38, 2, 1171.77),
(16,  5,   27, 2,  300.73),
(17,  6,   51, 2, 1285.38),
(18,  6,   40, 1,  554.82),
(19,  6,   46, 4,  376.41),
(20,  6,  119, 4,  511.82),
(21,  7,   81, 2,  642.44),
(22,  7,  113, 1, 1208.40),
(23,  7,  121, 4, 1096.18),
(24,  7,   78, 3, 1068.65),
(25,  8,   91, 1,  630.03),
(26,  8,   80, 4,  833.81),
(27,  9,   10, 1,  738.77),
(28,  9,   95, 3,  449.00),
(29,  9,   20, 1, 1435.05),
(30,  9,  130, 4,  770.90),
(31,  9,  119, 1,  511.82),
(32,  10, 147, 2, 1324.38),
(33,  10,  83, 4,  311.30),
(34,  10, 129, 2, 1173.65),
(35,  10,  16, 4,  803.91),
(36,  10,  27, 3,  300.73),
(37,  11, 130, 2,  770.90),
(38,  11,  11, 2,  452.77),
(39,  12, 113, 2, 1208.40),
(40,  12,  94, 3,  355.42),
(41,  12,  73, 4, 1000.69),
(42,  12, 105, 3,  439.67),
(43,  12,  14, 3, 1211.95),
(44,  13,  85, 1, 1039.67),
(45,  13, 143, 4,  628.74),
(46,  14,  65, 2,  332.47),
(47,  14,  86, 1, 1230.81),
(48,  14, 150, 2, 1013.03),
(49,  14,  90, 3,  753.15),
(50,  15,  34, 1, 1376.29),
(51,  15,  80, 4,  833.81),
(52,  15,  85, 2, 1039.67),
(53,  15, 135, 1,  497.60),
(54,  15, 109, 3,  397.25),
(55,  16,  93, 3,  356.85),
(56,  16,  47, 2,  265.37),
(57,  17, 125, 2, 1059.54),
(58,  17,  58, 2, 1109.30),
(59,  17,  40, 1,  554.82),
(60,  17,  76, 1,  562.61),
(61,  18,  87, 2,  488.08),
(62,  18,  97, 2,  975.83),
(63,  19,  47, 2,  265.37),
(64,  19, 113, 1, 1208.40),
(65,  19, 106, 3, 1423.38),
(66,  20, 114, 3, 1381.06),
(67,  20, 115, 2, 1487.04),
(68,  20, 137, 2,  949.12),
(69,  21, 121, 2, 1096.18),
(70,  21,  95, 4,  449.00),
(71,  21, 119, 3,  511.82),
(72,  21,  98, 4,  585.12),
(73,  22,  52, 2, 1173.73),
(74,  22,  65, 1,  332.47),
(75,  22, 124, 3, 1093.60),
(76,  23, 133, 1,  977.45),
(77,  23,  73, 1, 1000.69),
(78,  24,  70, 4,  337.20),
(79,  24, 132, 2,  901.98),
(80,  24, 112, 1,  974.96),
(81,  25, 116, 3, 1007.34),
(82,  25,   7, 4,  492.03),
(83,  25,  14, 4, 1211.95),
(84,  26,  61, 4,  340.53),
(85,  26,  21, 3, 1259.51),
(86,  26,  58, 1, 1109.30),
(87,  26,  82, 1,  922.53),
(88,  27,  38, 2, 1171.77),
(89,  27,  10, 3,  738.77),
(90,  27, 121, 2, 1096.18),
(91,  27, 121, 4, 1096.18),
(92,  28,  21, 1, 1259.51),
(93,  28,  66, 2, 1247.19),
(94,  29, 141, 4,  811.01),
(95,  29,  29, 3,  304.75),
(96,  29,  61, 3,  340.53),
(97,  30,  13, 2, 1052.88),
(98,  30, 108, 4,  296.31),
(99,  31,  29, 4,  304.75),
(100, 31, 138, 1,  874.65),
(101, 32,  37, 3, 1179.52),
(102, 32, 110, 1,  310.74),
(103, 32,  91, 2,  630.03),
(104, 33,  48, 1,  475.16),
(105, 33, 135, 3,  497.60),
(106, 33,  18, 1,  373.34),
(107, 33, 100, 4,  364.56),
(108, 33,  12, 4,  842.69),
(109, 34,  65, 1,  332.47),
(110, 34,  92, 1,  552.19),
(111, 34,  89, 2,  815.24),
(112, 34,  27, 3,  300.73),
(113, 35,  12, 3,  842.69),
(114, 35, 140, 3, 1025.22),
(115, 35,  45, 4, 1061.90),
(116, 36,  47, 2,  265.37),
(117, 36,  17, 4, 1392.71),
(118, 36,  10, 3,  738.77),
(119, 36,  52, 1, 1173.73),
(120, 36,  52, 1, 1173.73),
(121, 37,  80, 4,  833.81),
(122, 37, 140, 4, 1025.22),
(123, 37,  65, 1,  332.47),
(124, 37,  49, 3, 1189.60),
(125, 38,  13, 3, 1052.88),
(126, 38,  70, 1,  337.20),
(127, 38,  95, 4,  449.00),
(128, 38, 103, 4, 1334.54),
(129, 39,  87, 2,  488.08),
(130, 39, 128, 4,  277.53),
(131, 39,  95, 3,  449.00),
(132, 39,  22, 4, 1279.74),
(133, 39,  21, 4, 1259.51),
(134, 40, 140, 3, 1025.22),
(135, 40,  83, 1,  311.30),
(136, 40,  21, 3, 1259.51),
(137, 41,  79, 4,  842.60),
(138, 41, 110, 2,  310.74),
(139, 41, 114, 3, 1381.06),
(140, 41, 115, 1, 1487.04),
(141, 42, 112, 3,  974.96),
(142, 42,  15, 1, 1245.34),
(143, 42, 104, 3,  810.22),
(144, 42, 132, 2,  901.98),
(145, 43,  37, 4, 1179.52),
(146, 43,   9, 2,  994.66),
(147, 44,  61, 3,  340.53),
(148, 44,  93, 4,  356.85),
(149, 45,  40, 4,  554.82),
(150, 45,  95, 3,  449.00),
(151, 46,  20, 2, 1435.05),
(152, 46, 136, 3,  963.26),
(153, 46, 102, 3, 1029.23),
(154, 46,  72, 2, 1153.93),
(155, 46,  30, 1,  697.95),
(156, 47, 128, 4,  277.53),
(157, 47, 144, 1,  574.68),
(158, 47,  68, 3,  289.64),
(159, 48,  55, 3, 1291.00),
(160, 48, 126, 2,  349.21),
(161, 48,  32, 2,  905.39),
(162, 48,  19, 4, 1484.26),
(163, 48,  45, 4, 1061.90),
(164, 49,  82, 3,  922.53),
(165, 49,  17, 3, 1392.71),
(166, 50,  41, 2,  705.51),
(167, 50,  93, 2,  356.85),
(168, 50,  32, 2,  905.39),
(169, 50,  36, 2,  820.07);


-- ------------------------------------------------------------
-- Payment  (50 rows)
-- ------------------------------------------------------------
INSERT INTO Payment (payment_id, order_id, amount, payment_date, method, status) VALUES
(1,   1,  15097.85, '2026-01-04 14:14:47', 'Cash on Delivery', 'Failed'),
(2,   2,   3302.42, '2026-02-03 14:57:01', 'PayPal',           'Paid'),
(3,   3,   6670.60, '2026-02-06 15:27:09', 'Cash on Delivery', 'Paid'),
(4,   4,   8458.12, '2026-01-03 11:39:55', 'PayPal',           'Paid'),
(5,   5,   5204.45, '2026-01-08 14:29:16', 'Credit Card',      'Failed'),
(6,   6,   6678.50, '2026-01-02 17:22:37', 'Cash on Delivery', 'Paid'),
(7,   7,  10083.95, '2026-01-07 17:06:15', 'PayPal',           'Paid'),
(8,   8,   3965.27, '2026-02-01 16:17:00', 'Cash on Delivery', 'Paid'),
(9,   9,   7116.24, '2026-02-13 13:38:51', 'PayPal',           'Failed'),
(10, 10,  10359.09, '2026-01-11 11:57:40', 'Cash on Delivery', 'Paid'),
(11, 11,   2447.34, '2026-01-10 15:46:08', 'Cash on Delivery', 'Paid'),
(12, 12,  12440.68, '2026-01-04 12:50:34', 'PayPal',           'Paid'),
(13, 13,   3554.63, '2026-01-05 17:51:18', 'PayPal',           'Paid'),
(14, 14,   6181.26, '2026-01-14 16:54:51', 'Credit Card',      'Paid'),
(15, 15,   8480.22, '2026-01-05 18:07:29', 'Credit Card',      'Paid'),
(16, 16,   1601.29, '2026-01-11 13:30:01', 'Credit Card',      'Paid'),
(17, 17,   5455.11, '2026-01-11 17:58:44', 'PayPal',           'Paid'),
(18, 18,   2927.82, '2026-01-05 17:07:06', 'Credit Card',      'Paid'),
(19, 19,   6009.28, '2026-02-06 18:26:37', 'PayPal',           'Paid'),
(20, 20,   9015.50, '2026-02-10 16:17:02', 'PayPal',           'Paid'),
(21, 21,   7864.30, '2026-02-02 15:34:57', 'Credit Card',      'Paid'),
(22, 22,   5960.73, '2026-01-14 17:05:42', 'PayPal',           'Paid'),
(23, 23,   1978.14, '2026-02-04 12:50:36', 'Cash on Delivery', 'Paid'),
(24, 24,   4127.72, '2026-01-14 13:21:49', 'Cash on Delivery', 'Paid'),
(25, 25,   9837.94, '2026-01-03 18:16:51', 'Credit Card',      'Paid'),
(26, 26,   7172.48, '2026-01-01 15:50:50', 'Credit Card',      'Paid'),
(27, 27,  11136.93, '2026-01-05 10:08:47', 'PayPal',           'Paid'),
(28, 28,   3753.89, '2026-02-08 15:32:37', 'PayPal',           'Paid'),
(29, 29,   5179.88, '2026-01-12 18:19:29', 'PayPal',           'Paid'),
(30, 30,   3291.00, '2026-02-11 11:31:45', 'PayPal',           'Failed'),
(31, 31,   2093.65, '2026-01-03 14:39:40', 'Credit Card',      'Failed'),
(32, 32,   5109.36, '2026-02-10 18:18:29', 'PayPal',           'Paid'),
(33, 33,   7170.30, '2026-01-14 18:46:55', 'Cash on Delivery', 'Paid'),
(34, 34,   3417.33, '2026-02-06 17:25:26', 'PayPal',           'Paid'),
(35, 35,   9851.33, '2026-02-06 12:43:59', 'PayPal',           'Failed'),
(36, 36,  10665.35, '2026-01-07 11:47:47', 'PayPal',           'Paid'),
(37, 37,  11337.39, '2026-01-07 15:55:42', 'PayPal',           'Paid'),
(38, 38,  10630.00, '2026-02-02 19:32:13', 'Cash on Delivery', 'Paid'),
(39, 39,  13590.28, '2026-02-14 18:23:07', 'PayPal',           'Paid'),
(40, 40,   7165.49, '2026-01-10 14:01:11', 'Cash on Delivery', 'Failed'),
(41, 41,   9622.10, '2026-01-14 12:36:42', 'Credit Card',      'Paid'),
(42, 42,   8404.84, '2026-01-12 18:13:24', 'Cash on Delivery', 'Paid'),
(43, 43,   6707.40, '2026-02-12 15:49:36', 'Credit Card',      'Paid'),
(44, 44,   2448.99, '2026-01-03 19:03:43', 'Credit Card',      'Paid'),
(45, 45,   3566.28, '2026-02-10 17:26:17', 'PayPal',           'Paid'),
(46, 46,  11853.38, '2026-02-02 14:43:43', 'Cash on Delivery', 'Paid'),
(47, 47,   2553.72, '2026-01-04 16:38:03', 'Credit Card',      'Paid'),
(48, 48,  16566.84, '2026-01-13 14:18:20', 'PayPal',           'Paid'),
(49, 49,   6945.72, '2026-01-03 16:34:45', 'Cash on Delivery', 'Paid'),
(50, 50,   5575.64, '2026-01-07 10:27:01', 'Credit Card',      'Paid');


-- ------------------------------------------------------------
-- Review  (30 rows)
-- ------------------------------------------------------------
INSERT INTO Review (review_id, customer_id, restaurant_id, rating, comment, review_date) VALUES
(1,   8,  3, 1, 'Food was cold on arrival.',             '2026-01-05'),
(2,  13, 14, 5, 'Excellent pizza, will order again!',    '2026-02-04'),
(3,   6, 14, 3, 'Decent but delivery was slow.',         '2026-02-04'),
(4,   6,  8, 5, 'Best pizza in the city!',               '2026-02-08'),
(5,  10,  8, 1, 'Wrong items delivered.',                '2026-01-07'),
(6,  17,  8, 2, 'Pizza was undercooked.',                '2026-01-10'),
(7,  12,  1, 1, 'Steak was overcooked.',                 '2026-02-08'),
(8,  20, 15, 4, 'Great BBQ, ribs were tender.',          '2026-02-09'),
(9,   1, 14, 1, 'Order was incomplete.',                 '2026-02-03'),
(10,  9, 12, 3, 'Average pasta, nothing special.',       '2026-02-06'),
(11,  2,  7, 1, 'Desserts were stale.',                  '2026-01-06'),
(12, 18,  5, 1, 'Veggie options were limited.',          '2026-02-09'),
(13, 15, 13, 5, 'Sushi was incredibly fresh!',           '2026-02-14'),
(14, 20, 11, 5, 'Curry Corner never disappoints.',       '2026-01-03'),
(15,  4,  7, 3, 'Desserts okay, could be better.',       '2026-02-09'),
(16, 12, 13, 2, 'Sushi was not fresh.',                  '2026-01-10'),
(17, 17,  7, 5, 'Amazing desserts, huge portions!',      '2026-01-01'),
(18,  2,  3, 3, 'Pasta was fine, nothing outstanding.',  '2026-02-09'),
(19, 15,  3, 5, 'Pasta House is fantastic!',             '2026-01-06'),
(20, 20,  6, 2, 'Grills were dry and over-salted.',      '2026-02-10'),
(21, 10, 10, 3, 'Curry was average.',                    '2026-02-12'),
(22, 19,  5, 4, 'Fresh and healthy options, loved it.',  '2026-01-06'),
(23, 11, 11, 1, 'Very disappointing service.',           '2026-02-10'),
(24, 10, 13, 1, 'Waited over an hour.',                  '2026-02-05'),
(25, 19, 10, 2, 'Curry was too spicy for my taste.',     '2026-01-10'),
(26, 16,  3, 5, 'Incredible pasta, best I have had.',    '2026-02-03'),
(27,  8,  1, 5, 'Grill Master lives up to its name!',   '2026-01-04'),
(28,  1,  8, 3, 'Pizza was good but took long.',         '2026-02-03'),
(29, 14, 12, 2, 'Pasta was soggy and overpriced.',       '2026-02-09'),
(30, 20, 15, 4, 'BBQ Pit has a great smoky flavour.',    '2026-01-12');

SET FOREIGN_KEY_CHECKS = 1;

-- ------------------------------------------------------------
-- Record counts
-- Customer: 20  | Address: 40   | Restaurant: 15
-- Rider: 10     | Category: 45  | MenuItem: 150
-- Order: 50     | OrderItem: 169| Payment: 50
-- Review: 30    | TOTAL: 579
-- ------------------------------------------------------------
